Track Name,Artist Name(s),Album Name,Album Release Date
Aristillus,Camel,Moonmadness,1976-03-26
Easy Does It,Supertramp,Crisis? What Crisis?,1975-01-01
Theme from E.T.,Future World Orchestra,Theme from E.T.,1982-06-13
Cold Heart - PNAU Remix,"Elton John, Dua Lipa, PNAU",The Lockdown Sessions,2021-10-22
Joe Frazier,Bill Bruford,Master Strokes 1978-1985,1986-01-01
Dois Mundos,Derek Shearer,Clinton Hill,2021-12-12
Bema pamięci żałobny rapsod,Niemen,Enigmatic,1969-06-11
From the Undertow,Tony Banks,A Curious Feeling,2009-10-19
Children's Concerto,"Patrick Moraz, Bill Bruford",Music for Piano and Drums,1983-10-01
As Your Mind Flies By,Rare Bird,Sympathy,1970-01-01
In Memoriam,Steve Hackett,Darktown (Re-issue 2013),1999-02-22
Voidarama,Brand X,Do They Hurt?,1980
Karu,"Patrick Moraz, Bill Bruford",Flags,1985-01-01
Face It Alone,Queen,Face It Alone,2022-10-13
Street Market / Love Scene,Michael Small,'klute' - Original Soundtrack Recording - Remastered,1971
Hold Me Closer,"Elton John, Britney Spears",Hold Me Closer,2022-08-26
Ventura Highway,"America, George Martin",Homecoming,1972-01-01
Running Time,Yanni,Ultimate Yanni,2003-01-21
Cavalleria rusticana: Intermezzo sinfonico,"Pietro Mascagni, Staatskapelle Dresden, Silvio Varviso",Overtures & Intermezzi,1985-03-12
A Cookie From Space,"Infected Mushroom, Bliss",A Cookie From Space,2022-07-07
Life On Mars,Rick Wakeman,Piano Portraits,2017-01-13
Linha do Horizonte,Azymuth,Azimüth,1975
Island Life,Michael Franks,The Camera Never Lies,1987
Casablanca,Bertie Higgins,Just Another Day in Paradise,1982-01-01
Dear Prudence,Ramsey Lewis,Mother Nature's Son,1968-12-31
The Sweetest Sound Of Liberty,Triumvirat,Spartacus,1975
You Take My Breath Away - Remastered 2011,Queen,A Day At The Races (Deluxe Edition 2011 Remaster),1976-12-10
Tubular Bells - Pt. I,Mike Oldfield,Tubular Bells,1973-02-01
Deep Distance,Ashra,New Age Of Earth,1977-01-01
Time To Turn,Eloy,Time To Turn,1982-01-01
La princesse perdue,Camel,The Snow Goose,1975-04-15
The Snow Goose,Camel,The Snow Goose,1975-04-15
Pennants,Steve Howe,The Steve Howe Album,1979
Wichita Lineman,Gil Trythall,Country Moog / Nashville Gold,2007-01-01
"Suite Bergamasque: Clair de Lune, No. 3",Isao Tomita,Snowflakes Are Dancing,1974
Hell's Bells,Bill Bruford,Master Strokes 1978-1985,1986-01-01
Holdin' on to Yesterday,"Ambrosia, Alan Parsons",Ambrosia,1975
Si può fare,Premiata Forneria Marconi,Suonare Suonare,1980-10-16
Narnia - Remastered 2005,Steve Hackett,Please Don't Touch,1978
If I Had Wings - English version,Premiata Forneria Marconi,If I Had Wings (English version),2021-08-27
Il sogno di Leonardo,Premiata Forneria Marconi,Stati Di Immaginazione,2006-08-04
Concierto de Aranjuez: I. Allegro con spirito,"Joaquín Rodrigo, Julian Bream, John Eliot Gardiner","Music of Spain, Vol. 8",1984
Air Born,Camel,Moonmadness,1976-05-01
Which Way the Wind Blows,Anthony Phillips,The Geese & The Ghost (Definitive Edition),1977-03-01
Le Clochard,Focus,Moving Waves,1971
Sirba,"Vladimir Cosma, Gheorghe Zamfir",Der große Blonde mit dem schwarzen Schuh (Yves Robert's Original Motion Soundtrack),1972
Legend of Mana (Main Theme),AnimeVivi,A Yoko Shimomura Christmas,2016-12-06
Две звезды,"Alla Pugacheva, Vladimir Kuzmin, Рецитал",Поёт Алла Пугачёва,1987-01-01
A Salty Dog,Procol Harum,A Salty Dog,1969-06-02
"Поход - Из к/ф ""Сибириада""",Eduard Artemyev,Лучшая музыка из советских кинофильмов,2016-07-01
"Поклонники - Из к/ф ""Раба любви""",Eduard Artemyev,Территория любви (Музыка из кинофильмов Никиты Михалкова),1995
Westchester Lady,Bob James,Three,1976-09-02
"Lieutenant Kijé Suite, Op. 60: IV. Troika","Sergei Prokofiev, Royal Scottish National Orchestra, Neeme Järvi",Prokofiev: Lieutenant Kije Suite / Andante / Osenneye / the Tale of the Stone Flower (Excerpts),1990-08-01
I Believe in Father Christmas - Without Orchestra,"Emerson\, Lake & Palmer","Works, Vol. 2",1977-11-01
I Hear You Now - Remastered,Jon & Vangelis,Short Stories (Remastered),1980-01-01
Everybody's Got To Learn Sometime,The Korgis,Don't Look Back: The Very Best of The Korgis,2003-08-05
Time,The Alan Parsons Project,The Turn Of A Friendly Card (Expanded Edition),1980-11-01
Learning To Fly - 2011 Remastered Version,Pink Floyd,A Momentary Lapse Of Reason (2011 Remastered Version),1987-09-07
Canto De Ossanha,Jonathan Kreisberg,One,2013-02-19
Josef Erich,Trilok Gurtu,God Is a Drummer,2020-02-07
Ebony And Ivory - Remixed 2015,Paul McCartney,Tug Of War,1982-04-26
Bulgarski Einicheski Melodll (Bulgarian Ethnic Melodies),Bulgarian State Television Female Choir,Le Mystere Des Voix Bulgares: Ritual,1994-09-23
Nightcall,Kavinsky,OutRun,2013-01-01
Another Man's Woman,Supertramp,Crisis? What Crisis?,1975-01-01
L'aile ou la cuisse,Vladimir Cosma,L'aile ou la cuisse (Bande originale du film de Claude Zidi),2014-12-31
El Duendecito,Vladimir Cosma,La chèvre (Bande originale du film de Francis Veber),2014-12-31
Brasil,"Almério, Ney Matogrosso",Brasil,2021-04-04
Between Heaven And Earth - Original Mix,Rafael Krux,Maximum Symphony: Uplifting Orchestral Music To Bring Out Bravery And Heroism,2018-08-24
Keep Talking - 2011 Remaster,Pink Floyd,The Division Bell (2011 Remastered Version),1994-03-28
Main Title,James Horner,Star Trek II: The Wrath of Khan Original Motion Picture Soundtrack,1982-06-04
Kuk Av Stal,Blackbelt Andersen,Kuk Av Stal / November,2008-09-29
Cause We've Ended as Lovers,Jeff Beck,Blow By Blow,1975-03-29
На Заре 2020,"Project NaZare, DJ DimixeR",На Заре 2020,2020-04-10
На Заре,Alyans,На заре (Part 1),1987-10-16
Sunn Baawre,"Kritesh Choubey, Keval Brahmbhatt",Sunn Baawre - Single,2020-06-01
Bach,Jeff Berlin,Crossroads,1998-06-09
Tears In Heaven,Jeff Berlin,Taking Notes,1997-10-21
Maria,"André Previn, Shelly Manne, Red Mitchell",West Side Story,2020-12-18
The Wharf that Holds his Vessel,Aisles,The Yearning,2005-01-01
Mitwa,"Shankar-Ehsaan-Loy, Shankar Mahadevan, Caralisa Monteiro, Shafqat Amanat Ali",Kabhi Alvida Naa Kehna (Original Motion Picture Soundtrack),2006-06-08
Takin' it Back,The Moon City Masters,Takin' it Back,2021-01-15
Italian Soccer,Red Light Skyscraper,Italian Soccer,2021-02-05
The Mandalorian,Ludwig Göransson,The Mandalorian: Chapter 1 (Original Score),2019-11-12
The Snowstorm: I. Troika,"Georgy Sviridov, Vladimir Fedoseyev, State Academic Large Symphony Orchestra, State academic large symphony orchestra","Sviridov: The Snowstorm, Miniature Triptych, Cantata 'Snow Is Falling'; Tchaikovsky: Capriccio Italien, Op. 45",2003-03-24
Baroque Harpsichord and Strings,"Rafael Krux, David Krulic",The Epic Baroque,2021-01-24
"Swing High, Swing Low",Transatlantic,The Absolute Universe: Forevermore (Extended Version),2021-02-05
Brother to Brother,Gino Vannelli,The Best and Beyond,2009-10-30
Hold Me Now,Thompson Twins,Into The Gap,1984-03-01
Пристань твоей надежды,Vladimir Kuzmin,Антология 19: Моя любовь,2003-01-01
"Epitaph - Including ""March for No Reason"" and ""Tomorrow and Tomorrow""",King Crimson,In The Court Of The Crimson King (Expanded & Remastered Original Album Mix),1969-10-10
I Can't Go For That,Marcus Johnson,This Is How I Rock,2010-07-27
Closer To The Heart,Rush,A Farewell To Kings,1977-09-01
Peaches And Diesel,Eric Clapton,Slowhand 35th Anniversary,1977-11-01
Toccata,Sky,Sky 2,2014-10-27
Roses (Imanbek Remix),"SAINt JHN, Imanbek",Roses (Imanbek Remix),2019-05-04
"Can You Read My Mind (Love Theme From ""Superman"") - Remastered","John Williams, Leslie Bricusse, Ferrante & Teicher",Great 1970's Motion Picture Themes,2001-01-01
Carol of the Bells,Pentatonix,PTXmas (Deluxe Edition),2012-11-12
(Don't Fear) The Reaper,Blue Öyster Cult,Agents Of Fortune,1976
Somebody Made For Me,Emitt Rhodes,The Emitt Rhodes Recordings (1969-1973),2009-07-14
Bad Night at Black's Beach,L.A. Takedown,Bad Night At Black's Beach,2017-04-13
Időrabló: Idorabló,Omega,Omega 7 - Időrabló,1993-09-01
«Поезд» из кинофильма «Белый Бим Черное ухо»,Андрей Петров,Уличные мелодии в смокингах,2003
I Hear You Now,Jon & Vangelis,The Best Of Jon & Vangelis,1984-01-01
Cyberworld,Boisterous Pop,Cyberworld,2019-09-30
Only One Woman,The Marbles,The Marbles,1970-01-01
(Our Love) Don't Throw It All Away,Andy Gibb,Shadow Dancing,1978-01-01
Ballyhoo (The Chosen Ones),Neal Morse,Sola Gratia,2020-09-11
Overture,Neal Morse,Sola Gratia,2020-09-11
Overture,Neal Morse,Jesus Christ the Exorcist,2019-06-14
Merry Christmas Mr. Lawrence,Ryuichi Sakamoto,1996,1996
Opening Move,Gryphon,Red Queen to Gryphon Three,1974-12-01
Armando's Market,Robert Michaels,Allegro,2013-11-11
Santorini - Live,Yanni,Yanni Live At The Acropolis,1994-02-21
Время,Наукоград,Апрель,2019-12-20
Telekinetic Forest Guard,"Overhead\, The Albatross",Learning To Growl,2016-05-13
Reborn,Lights & Motion,Chronicle,2015-01-13
Cyclone,MONO,The Last Dawn,2014
Нарьян-мар,Olga Voronets,Лучшие песни (Имена на все времена),2014-06-25
Настроение,Оризонт,Летняя Мелодия,2016-06-03
Карнавал,"Valery Obodzinsky, Оркестр п/у Вадима Людвиковского",Летняя Мелодия,2016-06-03
Птичка-невеличка,"Детский джаз-рок ансамбль ""Алиони""",Летняя Мелодия,2016-06-03
Rock with You - Single Version,Michael Jackson,Off the Wall,1979-08-10
Fantasy - Single Version,"Earth, Wind & Fire","The Best Of Earth, Wind & Fire Vol. 1",1978-11-23
Lovin' You,Minnie Riperton,Capitol Gold: The Best Of Minnie Riperton,1993-01-01
Lovely Day,Bill Withers,Menagerie,1977-10-29
Here Comes the Sun,Nina Simone,Here Comes The Sun (Expanded Edition),1971
Pictures at an Exhibition: 10. The Great Gate at Kiev (Orch. by Ravel),"Modest Mussorgsky, Royal Liverpool Philharmonic Orchestra, Vasily Petrenko",Mussorgsky: Pictures at an Exhibition/Khachaturian: Spartacus Suite,2019-11-22
Пушкинский Венок: VII. Зорю Бьют,"Georgy Sviridov, Новосибирский камерный хор, Владимир Минин, Александр Ведерников",Георгий Свиридов: Метель. Пушкинский Венок,2013-06-12
The Snowstorm: IX. Winter road,"Georgy Sviridov, Vladimir Fedoseyev, State Academic Large Symphony Orchestra, State academic large symphony orchestra","Sviridov: The Snowstorm, Miniature Triptych, Cantata 'Snow Is Falling'; Tchaikovsky: Capriccio Italien, Op. 45",2003-03-24
Truth of Touch,"Yanni, Miklos Malek","Yanni - Live at El Morro, Puerto Rico",2012-03-26
The Rain Must Fall - Remastered,Yanni,Yanni - Live at the Acropolis - 25th Anniversary Deluxe Edition (Remastered),2018-11-16
Águas De Março,"Elis Regina, Antônio Carlos Jobim",Elis & Tom,1974-06-17
WILDE,Wiseman / RPO,Debbie Wiseman - Something Here,2003-01-01
Balada Do Louco - Live,Ney Matogrosso,A Arte De Ney Matogrosso,2015-10-30
Samba Pro Rafa,Yamandu Costa,Mafuá,2011-06-17
Бросай табак,Antoha MC,Бросай табак,2018-02-26
Время Ток,Antoha MC,Время Ток,2018-11-26
Спорт-Брат,Antoha MC,Советы Для Молодожёнов,2017-09-15
Ani Mevushal,"Infected Mushroom, Bliss",More than Just a Name,2020-03-23
Last Resort & Spa,Battle Tapes,Form,2017-07-14
Paradise City,Guns N' Roses,Appetite For Destruction,1987-07-21
Jaago Piya,"Berklee Indian Ensemble, Armeen Musa",Jaago Piya,2018-02-15
La libellule et le baobab,Guilhem Desq,Visions,2018-11-09
Le château magique,Guilhem Desq,Visions,2018-11-09
Omen,Guilhem Desq,Visions,2018-11-09
Break Your Cranck,Guilhem Desq,Visions,2018-11-09
Don't Stand So Close To Me - Dave Audé Remix,"Sting, Dave Audé",Don't Stand So Close To Me (Dave Audé Remix),2020-05-19
Odugen Taiga,ODUCHU,The Healer,2019-08-18
Новый Год,"Стекловата, Steklovata",Новый Год,2019-12-07
Black Flag,The Flower Kings,Waiting For Miracles,2019-11-08
The Sky's Back,Zodiac,Disco Alliance,2013-07-08
The Saturn's Light,Zodiac,Disco Alliance,2013-07-08
Photofinish,Zodiac,Disco Alliance,2013-07-08
Polo,Zodiac,Disco Alliance,2013-07-08
Pacific,Zodiac,Disco Alliance,2013-07-08
Zodiac,Zodiac,Disco Alliance,2013-07-08
Fire,Yngwie Malmsteen,Trilogy,1986-01-01
Yours Is No Disgrace - 2003 Remaster,Yes,The Yes Album (Deluxe Edition),1971-02-19
It Can Happen,Yes,90125 (Deluxe Version),1983-06-01
"Close to the Edge (i. The Solid Time of Change, ii. Total Mass Retain, iii. I Get up I Get Down, iv. Seasons of Man) - 2003 Remaster",Yes,Close to the Edge (Deluxe Edition),1972-09-13
"Starship Trooper: a. Life Seeker, b. Disillusion, c. Würm",Yes,The Yes Album (Deluxe Edition),1971-02-19
Sweetness - 2003 Remaster,Yes,Yes (Deluxe Edition),1969
"I've Seen All Good People: a. Your Move, b. All Good People - 2003 Remaster",Yes,The Yes Album (Deluxe Edition),1971-02-19
Roundabout - 2003 Remaster,Yes,Fragile (Deluxe Edition),1971-11-26
Swahililand,Visioneers,Hipology,2012-05-28
Santa Fe / Beautiful Obsession - Remastered,"Van Morrison, Brooks Arthur",Wavelength,1978-09
Jump - 2015 Remaster,Van Halen,1984 (Remastered),1984-01-04
Cut My Hair,The Who,Quadrophenia,1973-10-19
Won't Get Fooled Again - Original Album Version,The Who,Who's Next (Deluxe Edition),1971-08-14
Who Are You,The Who,Who Are You,1978-08-18
The Song Is Over,The Who,Who's Next (Deluxe Edition),1971-08-14
Behind Blue Eyes,The Who,Who's Next (Deluxe Edition),1971-08-14
Heard It in a Love Song,The Marshall Tucker Band,Carolina Dreams,1977-01-01
Can't You See,The Marshall Tucker Band,The Marshall Tucker Band,1973
Far From Home,The Doobie Brothers,World Gone Crazy,2010-10-04
Don't Say Goodbye,The Doobie Brothers,World Gone Crazy,2010-10-04
A Brighter Day,The Doobie Brothers,World Gone Crazy,2010-10-04
"Another Park, Another Sunday",The Doobie Brothers,What Were Once Vices Are Now Habits,1974
California Dreamin' - Remastered,The Beach Boys,Best Of The Brother Years 1970-1986,2000-01-01
Eye In The Sky,The Alan Parsons Project,Eye In The Sky (Expanded Edition),1982
Sirius,The Alan Parsons Project,Eye In The Sky (Expanded Edition),1982
Some Other Time,The Alan Parsons Project,I Robot (Legacy Edition),1977-06-01
Old and Wise,The Alan Parsons Project,Eye In The Sky (Expanded Edition),1982
Deep thinker,Tasavallan Presidentti,Tasavallan presidentti,2003-01-01
Solitary,Tasavallan Presidentti,Tasavallan presidentti,2003-01-01
Wutu-Banale,Tasavallan Presidentti,Tasavallan presidentti,2003-01-01
Mother Earth,Sweet,Cut Above The Rest,1979-03
Goodbye Stranger - 2010 Remastered,Supertramp,Breakfast In America (Deluxe Edition),1979-03-29
Take The Long Way Home - 2010 Remastered,Supertramp,Breakfast In America (Deluxe Edition),1979-03-29
Give A Little Bit,Supertramp,Even In The Quietest Moments,1977-01-01
Bloody Well Right,Supertramp,Crime Of The Century (Remastered),1974-09-01
Spectral Mornings - Remastered 2005,Steve Hackett,Spectral Mornings,1979
Carpet Crawlers,Steve Hackett,Genesis Revisited II: Selection,2013-05-10
Shadow Of The Hierophant - 2005 Digital Remaster,Steve Hackett,Voyage Of The Acolyte,1975
Dancing With the Moonlit Knight,Steve Hackett,Genesis Revisited II: Selection,2013-05-10
Little Italy,Stephen Bishop,Careless,1976-01-01
Rikki Don't Lose That Number,Steely Dan,Pretzel Logic,1974-01-01
Peg,Steely Dan,Aja,1977-01-01
Kid Charlemagne,Steely Dan,The Royal Scam,1976-01-01
Glamour Profession,Steely Dan,Gaucho,1980
Aja,Steely Dan,Aja,1977-01-01
The Dancer,Stanley Clarke,School Days,1976
Heaven Sent You,Stanley Clarke,Time Exposure,1984
Get Down Saturday Night,Oliver Cheatham,Retro Disco,2020-02-28
Chappaqua,Solution,Mythology,2014-10-24
Black Pearl,Solution,Mythology,2014-10-24
Hot Milk,Snail's House,Ordinary Songs 2,2016-11-17
First Love,Snail's House,First Love,2016-02-08
Happiness Is Being Together (with John McLaughlin),"Shakti, John McLaughlin",Natural Elements (with John McLaughlin),1977-10-24
Mind Ecology (with John McLaughlin),"Shakti, John McLaughlin",Natural Elements (with John McLaughlin),1977-10-24
Xanadu,Rush,A Farewell To Kings (40th Anniversary Deluxe Edition),2017-09-01
Tom Sawyer,Rush,Moving Pictures (2011 Remaster),1981-02-12
Dipita,Richard Bona,Scenes From My Life,1999-07-20
Bisso Baba (Always Together),Richard Bona,Reverence,2001-09-07
Missed Call,The Resonance Project,Rush In,2012-08-15
Movin' Up,Player,Player,1977-09-01
Melanie,Player,Player,1977-09-01
Love Is Where You Find It,Player,Player,1977-09-01
It's For You,Player,A Room With A View,1980-01-01
If Looks Could Kill,Player,Spies Of Life,1982
Every Which Way,Player,Player,1977-09-01
Come On Out,Player,Player,1977-09-01
Baby Come Back,Player,Player,1977-09-01
Givin' It All,Player,A Room With A View,1980-01-01
This Time I'm In It For Love,Player,Player,1977-09-01
Comfortably Numb - 2011 Remastered Version,Pink Floyd,The Wall (Remastered),1979-11-30
Run Like Hell - 2011 Remastered Version,Pink Floyd,The Wall (Remastered),1979-11-30
"Monday, Tuesday",Pilot,Anthology,2007
Africa,"Pickin' On Series, Brad Davis",Pickin' On the Biggest Hits of the 1980s Vol. 2,2017-02-24
Breathe In The Air,Pickin' On Series,Pickin' On Pink Floyd: A Bluegrass Tribute,2001
Comfortably Numb,Pickin' On Series,Pickin' On Pink Floyd: A Bluegrass Tribute,2001
Run Like Hell,Pickin' On Series,Pickin' On Pink Floyd: A Bluegrass Tribute,2001
Taboo,"Peter Gabriel, Nusrat Fateh Ali Khan",Rated PG,2019-04-26
Last Train Home,Pat Metheny Group,Still Life (Talking),1987
See You on the Other Side,Ozzy Osbourne,Ozzmosis (Expanded Edition),1995-10-23
Road to Nowhere,Ozzy Osbourne,No More Tears (Expanded Edition),1991-09-17
Life Won't Wait,Ozzy Osbourne,Scream (Expanded Edition),2010-06-11
Dance with Me,Orleans,The Essentials: Orleans,2003-01-14
Dance with Me,Orleans,Dance With Me: The Best Of Orleans,1997-06-24
Tűzvihar,Omega,10000 lépés,1969
Nem vagy szép,Omega,Az Omega összes kislemeze 1967–1971,1992-01-01
Gammapolis II,Omega,Anthology 1968-1979,2017-04-07
Marvellous Moses,Nektar,Recycled - Deluxe Edition,2012-09-25
Le Voyage,Moskva-Kassiopeya,Le Voyage,2014-09-28
Black Rainbow,Moskva-Kassiopeya,Black,2013-01-10
We Are The World,U.S.A. For Africa,We Are The World,1985-01-01
Tribute,Mezzoforte,Forward Motion,2004-11-01
Jazzy Move,"Metro, Mitch Forman",Metro,1994-09-30
The Fly,Maynard Ferguson,Conquistador,1977
Theme From Star Trek,Maynard Ferguson,Conquistador,1977
"Main Title from ""Star Wars""",Maynard Ferguson,New Vintage,1977-11-06
"Theme From ""Battlestar Galactica""",Maynard Ferguson,Carnival,1978-11-09
Fantasy,Maynard Ferguson,Carnival,1978-11-09
Déjà Vu,Maynard Ferguson,Hollywood,1982-11-09
MacArthur Park,Maynard Ferguson,The Essence Of Maynard Ferguson,1993-01-26
Chameleon,Maynard Ferguson,Chameleon,1974
Gonna Fly Now,Maynard Ferguson,Conquistador,1977
Birdland,Maynard Ferguson,Carnival,1978-11-09
Admiral's Horn,Maynard Ferguson,Storm,1982-01-01
Dune Tune,Level 42,Level 42,1981
Kayleigh - 2017 Remaster,Marillion,Misplaced Childhood (2017 Remaster),1985-06-17
Punch and Judy - 1998 Remaster,Marillion,Fugazi,1984
"Chicago, Mon amour",Made In Sweden,Made In England,1970-01-01
Miserere,"Zucchero, Luciano Pavarotti, Andrea Bocelli",Zu & Co.,2004-01-01
I'm with You,Love,Four Sail (Expanded Edition),1969-09-01
Képzelt riport: Valaki mondja meg,"Béla Ernyey, Éva Almási, Peter Balazs, Ilona Beres, László Tóth, Erika Szegedi, Erzsébet Kútvölgyi, Eva Szerencsi, Marta Egri, András Kern, Gyula Szombathy, Geza D. Hegedus, Locomotiv GT, Vígszínház\, A, Apostol",Képzelt riport egy amerikai pop fesztiválról összes dalai,1973-02-01
A rádió,Locomotiv GT,Mindenki másképp csinálja,1992-09-01
Heathrow,Level 42,Level 42,1981
Russian Melody,Les doigts de l'homme,1910 (Jazz manouche),2009
Climax: Theme for Astral Pirates,Lenny White,The Adventures Of Astral Pirates,1978-01-01
The Rain Song - Remaster,Led Zeppelin,Houses of the Holy (Remaster),1973-03-28
Celebration,Kool & The Gang,Celebrate!,1980-09-29
God Gave Rock 'N' Roll To You II,KISS,Revenge,1992-01-01
Leave It 'Til The Morning,Keef Hartley,Halfbreed,1969-01-01
Just To Cry,Keef Hartley Band,Halfbreed,1969-01-01
The Wall,Kansas,Leftoverture (Expanded Edition),1976
Smoke From a Secret Source,Kaipa,In the Wake of Evolution,2010-07-16
Beyond the Realms of Death,Judas Priest,Stained Class,1978-10-27
To the Runner,Jon Anderson,Olias Of Sunhillow,1976
Solid Space,Jon Anderson,Olias Of Sunhillow,1976
Hold On to Love,Jon Anderson,In The City Of Angels,1988-05-17
Reasons for Waiting - Steven Wilson Stereo Remix,Jethro Tull,Stand Up (Steven Wilson Remix),2016-11-18
Beck's Bolero - 2005 Remaster,Jeff Beck,Truth,1968-07-29
Felicidade (arr. R. Dyens for guitar),"Roland Dyens, Antônio Carlos Jobim, Jason Vieaux",Play,2013-07-02
Dancing,"Jack DeJohnette, Pat Metheny",Top Jazz Drummers,2013-09-10
Jožin Z Bažin,"Ivan Mladek, Ivo Pesak, Banjo Band Ivana Mladka",Banjo Band Story (50 hitů),2006-10-27
Don't You Worry 'Bout A Thing,Incognito,Tribes Vibes And Scribes,1992-06-15
Seven Bridges Road,Iain Matthews,Valley Hi,1973
Come Running to Me,Herbie Hancock,Sunlight,1978-06
Rise,Herb Alpert,Rise,1979-09-01
Raindance,Gryphon,Raindance,1975-01-01
Mother Nature's Son,Gryphon,Raindance,1975-01-01
Don't Say Go,Gryphon,Raindance,1975-01-01
I Believe in Father Christmas,"Emerson, Lake & Palmer",The Anthology,2016-07-29
Mean Mistreater - Remastered 2002,Grand Funk Railroad,Closer To Home (Expanded Edition),1970
The Wreck of the Edmund Fitzgerald,Gordon Lightfoot,Summertime Dream,1976
September,Gordon Goodwin's Big Phat Band,Act Your Age,2008-09-30
Follow You Follow Me - Remastered 2007,Genesis,And Then There Were Three,1978-04-07
Invisible Touch - Remastered 2007,Genesis,Invisible Touch,1986-06-09
Firth Of Fifth - Remastered 2008,Genesis,Selling England By The Pound,1973-10-12
Paradetas: Improvisación,"Gaspar Sanz, Laberintos Ingeniosos",Sanz: Sones de Palacio y Danças de Rasgueado,2014-12-31
Janis,Focus,Moving Waves,1971
Sto Ces Raditi Ostatac Zivota?,Focus,Focus 8,2002
Focus 3 & 2,Focus,Golden Oldies,2014-04-14
Hocus Pocus,Focus,Golden Oldies,2014-04-14
Focus II,Focus,Moving Waves,1971
Hocus Pocus - Extended Version,Focus,Moving Waves,1971
Carnival Fugue,Focus,Focus 3,1972
Sylvia,Focus,Focus 3,1972
Focus III,Focus,Focus 3,1972
Tiny Dancer,Elton John,Madman Across The Water,1971-11-05
Sacrifice,Elton John,Sleeping With The Past (Remastered with bonus tracks),1989-08-29
Need Her Love,Electric Light Orchestra,Discovery,1979-05-31
Twilight,Electric Light Orchestra,Time,1981-08-01
Turn to Stone,Electric Light Orchestra,Out of the Blue,1977
Rain Is Falling,Electric Light Orchestra,Time,1981-08-01
Here Is the News,Electric Light Orchestra,Time,1981-08-01
21st Century Man,Electric Light Orchestra,Time,1981-08-01
Fugue In D Minor,Egg,Egg,1970
Little Miss Bristol,Stephen Gray,Kpm 1000 Series: Look on the Bright Side,1973-01-01
Weeny Bopper,Brian Bennett,Kpm 1000 Series: Look on the Bright Side,1973-01-01
Cheerful Charlie,Duncan Lamont,Kpm 1000 Series: Look on the Bright Side,1973-01-01
Dizzy Tin Whistle,Duncan Lamont,Kpm 1000 Series: Look on the Bright Side,1973-01-01
Sexy Eyes - Single Version,Dr. Hook,Completely Hooked,1992-01-01
Toulouse Street,The Doobie Brothers,Toulouse Street,1972
Unicorn,Dizzy Gillespie,Free Ride,1977-01-01
We Shall Dance,Demis Roussos,Demis Roussos - Greatest Hits (1971 - 1980),1983-01-01
High Life,The Dave Weckl Band,Synergy,1999-01-01
Hard-Wired,Dave Weckl,Hard-Wired,1994-01-01
Child's Play,The Dave Weckl Band,Perpetual Motion,2002-01-01
Beginnings,Chrome Canyon,Elemental Themes,2012-10-09
Generations,Chrome Canyon,Elemental Themes,2012-10-09
Computers of Love,Chrome Canyon,Body Music,2012-01-30
Chirapaq,Alborada,Caminos al Sol: World Music Peru,2005-01-01
No Mystery,"Return To Forever, Chick Corea",Return To The Seventh Galaxy,1996-01-01
Hard to Say I'm Sorry / Get Away - 2006 Remaster,Chicago,Chicago 16 (Expanded & Remastered),1982-06-07
You're the Inspiration - 2006 Remaster,Chicago,Chicago 17 (Expanded & Remastered),1984-05-14
Make Me Smile,Chicago,Chicago IX: Chicago's Greatest Hits,1975-11-10
First Light,Camel,Rain Dances,1977-01-01
Nuclear Burn,Brand X,Unorthodox Behaviour,1976-01-01
Euthanasia Waltz,Brand X,Unorthodox Behaviour,1976-01-01
Smacks Of Euphoric Hysteria,Brand X,Unorthodox Behaviour,1976-01-01
Sweet Surrender,Bread,Everything I Own: Their Finest Moments,2019-04-19
Everything I Own,Bread,Baby I'm-a Want You,1972
If,Bread,Manna,1971
Make It with You,Bread,On the Waters,1970
Baby I'm-a Want You,Bread,Baby I'm-a Want You,1972
I'd Rather Be with You,Bootsy Collins,Back In The Day: The Best Of Bootsy,1994
Got To Get You Into My Life,"Blood\, Sweat & Tears",New City,1975-04
And When I Die,"Blood\, Sweat & Tears","Blood, Sweat & Tears (Expanded Edition)",1968-12
Reaching Out,Bee Gees,Spirits Having Flown,1979-02-05
"Night Fever - From ""Saturday Night Fever"" Soundtrack",Bee Gees,Greatest,1979-01-01
Queen St. Gang,Arzachel,Arzachel,2014
I Just Want To Be Your Everything,Andy Gibb,Flowing Rivers,1977-01-01
Tin Man,America,Holiday,1974
Colour to the Moon,"Allan Taylor, Chris Jones, Beo Brockhausen, Hans-Joerg Maucksch",Colour to the Moon,2017-10-06
Still Loving You,Alex Skolnick Trio,Goodbye To Romance (Euro-Release),2004-01-01
Ananau,Alborada,Five Spirits: World Music Perú,2003-01-01
Trouble,Alain Caron,Play,1997
Skitzo,Adam Nitti,Balance-REMASTERED VERSION,1998-01-01
Kung Fu,Adam Nitti,Adam Nitti & Liquid Blue,1995-09-21
Mahalageasca - Bucovina Dub,Shantel feat. Mahala Rai Banda,Mixtape Vol. 1,2006
Хочу перемен,Kino,Последний герой,1989-01-01
Jessica,Allman Brothers Band,Universal Masters Collection,1999-12-14
Live And Let Die,Paul McCartney,Back In The World,2003-05-17
A Whiter Shade Of Pale,Procol Harum,A Whiter Shade Of Pale,1967-05-12
Easy,Commodores,Commodores,1977-01-01
Since You Been Gone,Rainbow,Down To Earth (Deluxe Edition),1979
50 Ways to Leave Your Lover,Paul Simon,Still Crazy After All These Years,1975-10-25
Georgy Porgy,TOTO,Toto,1978-10-10
Sailing - 2008 Remaster,Rod Stewart,Some Guys Have All the Luck,2008-11-16
The Boxer,Simon & Garfunkel,Bridge Over Troubled Water,1970-01-26
Tragedy,Bee Gees,Spirits Having Flown,1979
Reelin' In The Years,Steely Dan,Can't Buy A Thrill,1972-01-01
Listen to the Music,The Doobie Brothers,Toulouse Street,1972
Baba O'Riley,The Who,Who's Next (Deluxe Edition),1971-08-14
More Than a Feeling,Boston,Boston,1976
I'm Not In Love,10cc,The Original Soundtrack,1975
Breakfast In America - 2010 Remastered,Supertramp,Breakfast In America (Deluxe Edition),1979-03-29
What a Fool Believes,The Doobie Brothers,Minute by Minute,1978
Do It Again,Steely Dan,Can't Buy A Thrill,1972-01-01
Solsbury Hill,Peter Gabriel,Peter Gabriel 1: Car (Remastered),1977
Hold the Line,TOTO,The Essential Toto,2014-06-23
September,"Earth\, Wind & Fire","The Essential Earth, Wind & Fire",2014-03-25
Baby Come Back,Player,'70s Pop #1's,2007-01-01
Woman - Remastered 2010,John Lennon,Double Fantasy,1980-11-17
With Or Without You - Remastered,U2,The Joshua Tree (Deluxe Edition Remastered),1987-03-10
Africa,TOTO,Toto IV,1982-04-08
Amanda,Boston,Third Stage,1986-01-01
Everybody Wants To Rule The World,Tears For Fears,Songs From The Big Chair (Super Deluxe Edition),1985-02-25
If You Leave Me Now,Chicago,Chicago X,1976-06-14
Maneater,Daryl Hall & John Oates,H2O,1982
I'm Not In Love,10cc,Tenology,2012-01-01
Everywhere,Fleetwood Mac,Tango In The Night,1987-04-13
Rosanna,TOTO,Toto IV,1982-04-08
Minim,"Johann Sebastian Bach, Dustin O'Halloran",Red Hot + Bach,2014-06-13
September,"Earth, Wind & Fire","The Best Of Earth, Wind & Fire Vol. 1",1978-11-23
Dreamer,Ozzy Osbourne,Down To Earth,2001-10-16
No More Tears,Ozzy Osbourne,No More Tears (Expanded Edition),1991-09-17
"Mama, I'm Coming Home",Ozzy Osbourne,No More Tears (Expanded Edition),1991-09-17
Hampstead Incident,Donovan,Mellow Yellow,1967-03
The Flute Tune (Soulpride Remix),"Jaycut, Kolt Siewerts, Soulpride",Jaycut & Kolt Siewerts - The Flute Tune (Soulpride Remix),2019-02-01
A Menina Dança,Novos Baianos,Acabou Chorare,1972
Tonight,Joe Cocker,Across From Midnight,1997-08-20
You Are So Beautiful,Joe Cocker,The Life of a Man - The Ultimate Hits 1968 - 2013,2015-11-20
Two Hands,King Crimson,Beat,1982-01-01
Gyöngyhajú lány,Omega,10000 lépés,1969
Pearls in Her Hair,Omega,The Beaty Sixties,2015-11-23
Livin' Thing,Electric Light Orchestra,A New World Record,1976-09-01
I Saw the Light - 2015 Remaster,Todd Rundgren,Something / Anything?,1972
Against All Odds (Take a Look at Me Now) - 2016 Remaster,Phil Collins,The Singles (Expanded),2016-10-14
Waters of March,Art Garfunkel,Breakaway,1975-10
Vigil,Fish,Vigil In A Wilderness Of Mirrors,2008-11-14
How Did It Come to This?,Arena,The Unquiet Sky,2015-04-27
Valerie,Steve Winwood,Talking Back To The Night,1982-08-02
Open Spaces,There Will Be Blood,There Will Be Blood,2007-12-17
Crockett's Theme - Original Mix,Michael Cassette,Temporarity,2010-11-29
Step 'N' Thru,"Grover Washington\, Jr.",Reed Seed,1978-01-01
Stop Loving You,TOTO,The Seventh One,1988-03-01
Paradise Warfare,Carpenter Brut,TRILOGY,2015
Bach: Prelude And Fugue In C - Ulrich Schnauss Rework,"Johann Sebastian Bach, András Schiff, Ulrich Schnauss",re:works,2016-07-15
Grieg: Peer Gynt (Death Of Aase) - Solomon Grey's Paradise Lost Rework,"Edvard Grieg, National Philharmonic Orchestra, Willi Boskovsky, Solomon Grey",re:works,2016-07-15
Eleven,Klahr,Eleven,2016-12-09
The Dean And I,10cc,10cc,1973
Ты не верь слезам,Shura,Shura 2,1998-01-01
Ride Like the Wind,Christopher Cross,Christopher Cross,1979
Patission Street,Keep Shelly In Athens,Horizon's Glow,2020-03-19
Strong - Instrumental,Tesla Boy,Strong,2014
Remember When,Mitch Murder,This is Now,2013-12-24
Matcha Mistake,"Lane 8, Kidnap",Matcha Mistake,2020-07-02
Prélude,Mooglie,Prélude,2020-05-01
The Things We Do For Love,10cc,Deceptive Bends,1977
Only Time Will Tell,Asia,Asia,1982-03-08
Hold On My Heart - Remastered 2007,Genesis,We Can't Dance,1991-11-11
Soiree Fantastique,Alan Parsons,The Secret,2019-04-26
Fanfare for the Common Man - Single Edit,"Emerson, Lake & Palmer",The Best of Emerson Lake & Palmer,1994-01-01
